timestamp	track	metric	value	optimization	status
2026-03-14T09:53:27.704724	THE ENGINE (GIPS Opt	GIPS	5141.1495	Applied optimization: loop_unr	pass
2026-03-14T09:53:33.609641	THE ENGINE (GIPS Opt	GIPS	5058.9706	Applied optimization: more_thr	pass
2026-03-14T09:53:39.512535	THE ENGINE (GIPS Opt	GIPS	4799.6475	Applied optimization: more_thr	pass
2026-03-14T09:53:45.477482	THE ENGINE (GIPS Opt	GIPS	5245.2732	Applied optimization: loop_unr	pass
2026-03-14T09:53:51.454981	THE ENGINE (GIPS Opt	GIPS	5704.8867	Applied optimization: remove_m	pass
2026-03-14T09:53:57.364853	THE ENGINE (GIPS Opt	GIPS	5637.5622	Applied optimization: more_thr	pass
2026-03-14T09:54:03.264105	THE ENGINE (GIPS Opt	GIPS	5384.6822	Applied optimization: shared_m	pass
2026-03-14T09:54:09.199802	THE ENGINE (GIPS Opt	GIPS	5695.3971	Applied optimization: branch_r	pass
2026-03-14T09:54:15.184022	THE ENGINE (GIPS Opt	GIPS	4490.1367	Applied optimization: shared_m	pass
2026-03-14T09:54:21.096676	THE ENGINE (GIPS Opt	GIPS	4595.3518	Applied optimization: remove_m	pass
2026-03-14T09:54:27.036528	THE ENGINE (GIPS Opt	GIPS	5147.7749	Applied optimization: dual_acc	pass
2026-03-14T09:54:32.936120	THE ENGINE (GIPS Opt	GIPS	4613.054	Applied optimization: loop_unr	pass
2026-03-14T09:54:38.886489	THE ENGINE (GIPS Opt	GIPS	5150.0345	Applied optimization: increase	pass
2026-03-14T09:54:44.820402	THE ENGINE (GIPS Opt	GIPS	4707.4647	Applied optimization: lcg_twea	pass
2026-03-14T09:54:50.717262	THE ENGINE (GIPS Opt	GIPS	5390.1836	Applied optimization: vectoriz	pass
2026-03-14T09:54:56.610315	THE ENGINE (GIPS Opt	GIPS	4684.4628	Applied optimization: reduce_i	pass
2026-03-14T09:55:02.578615	THE ENGINE (GIPS Opt	GIPS	4676.4455	Applied optimization: shared_m	pass
2026-03-14T09:55:08.510961	THE ENGINE (GIPS Opt	GIPS	4950.2579	Applied optimization: unroll_c	pass
2026-03-14T09:55:14.468703	THE ENGINE (GIPS Opt	GIPS	4641.5267	Applied optimization: simple_h	pass
2026-03-14T09:55:20.430292	THE ENGINE (GIPS Opt	GIPS	5150.8725	Applied optimization: branch_r	pass
2026-03-14T09:55:26.404288	THE ENGINE (GIPS Opt	GIPS	4697.1188	Applied optimization: simple_h	pass
2026-03-14T09:55:32.411814	THE ENGINE (GIPS Opt	GIPS	5096.1739	Applied optimization: memory_p	pass
2026-03-14T09:55:38.401551	THE ENGINE (GIPS Opt	GIPS	4730.8805	Applied optimization: more_thr	pass
2026-03-14T09:55:44.377059	THE ENGINE (GIPS Opt	GIPS	4572.5325	Applied optimization: lcg_twea	pass
2026-03-14T09:55:50.345543	THE ENGINE (GIPS Opt	GIPS	4652.2867	Applied optimization: remove_m	pass
2026-03-14T09:55:56.325263	THE ENGINE (GIPS Opt	GIPS	4631.4172	Applied optimization: shared_m	pass
2026-03-14T09:56:02.306557	THE ENGINE (GIPS Opt	GIPS	5184.8742	Applied optimization: loop_unr	pass
2026-03-14T09:56:08.261777	THE ENGINE (GIPS Opt	GIPS	4802.2991	Applied optimization: unroll_c	pass
2026-03-14T09:56:14.227998	THE ENGINE (GIPS Opt	GIPS	4306.477	Applied optimization: simple_h	pass
2026-03-14T09:56:20.197976	THE ENGINE (GIPS Opt	GIPS	4647.9304	Applied optimization: cleanup	pass
2026-03-14T09:56:26.135939	THE ENGINE (GIPS Opt	GIPS	4714.7671	Applied optimization: workgrou	pass
2026-03-14T09:56:32.111761	THE ENGINE (GIPS Opt	GIPS	4674.452	Applied optimization: remove_m	pass
2026-03-14T09:56:38.036451	THE ENGINE (GIPS Opt	GIPS	5074.9929	Applied optimization: dual_acc	pass
2026-03-14T09:56:43.924135	THE ENGINE (GIPS Opt	GIPS	4651.9642	Applied optimization: loop_unr	pass
2026-03-14T09:56:49.871693	THE ENGINE (GIPS Opt	GIPS	4501.582	Applied optimization: workgrou	pass
2026-03-14T09:56:55.813909	THE ENGINE (GIPS Opt	GIPS	4984.7628	Applied optimization: more_thr	pass
2026-03-14T09:57:01.751942	THE ENGINE (GIPS Opt	GIPS	5197.3544	Applied optimization: increase	pass
2026-03-14T09:57:07.657436	THE ENGINE (GIPS Opt	GIPS	4827.4757	Applied optimization: memory_p	pass
2026-03-14T09:57:13.632872	THE ENGINE (GIPS Opt	GIPS	5226.6936	Applied optimization: loop_unr	pass
2026-03-14T09:57:19.623877	THE ENGINE (GIPS Opt	GIPS	5235.7136	Applied optimization: branch_r	pass
2026-03-14T09:57:25.570816	THE ENGINE (GIPS Opt	GIPS	4819.3634	Applied optimization: lcg_twea	pass
2026-03-14T09:57:31.510103	THE ENGINE (GIPS Opt	GIPS	5729.7278	Applied optimization: loop_unr	pass
2026-03-14T09:57:37.458903	THE ENGINE (GIPS Opt	GIPS	4729.0802	Applied optimization: cleanup	pass
2026-03-14T09:57:43.426503	THE ENGINE (GIPS Opt	GIPS	4602.8154	Applied optimization: increase	pass
2026-03-14T09:57:49.401854	THE ENGINE (GIPS Opt	GIPS	4831.9526	Applied optimization: workgrou	pass
2026-03-14T09:57:55.341588	THE ENGINE (GIPS Opt	GIPS	4702.2004	Applied optimization: workgrou	pass
2026-03-14T09:58:01.326144	THE ENGINE (GIPS Opt	GIPS	4973.4437	Applied optimization: more_thr	pass
2026-03-14T09:58:07.278427	THE ENGINE (GIPS Opt	GIPS	4829.6853	Applied optimization: branch_r	pass
2026-03-14T09:58:13.279244	THE ENGINE (GIPS Opt	GIPS	4464.923	No optimization applied (basel	pass
2026-03-14T09:58:19.216283	THE ENGINE (GIPS Opt	GIPS	4953.0639	Applied optimization: memory_p	pass
2026-03-14T09:58:25.161357	THE ENGINE (GIPS Opt	GIPS	6203.7658	No optimization applied (basel	pass
2026-03-14T09:58:31.117601	THE ENGINE (GIPS Opt	GIPS	4561.2695	Applied optimization: remove_m	pass
2026-03-14T09:58:37.036745	THE ENGINE (GIPS Opt	GIPS	4790.3697	Applied optimization: loop_unr	pass
2026-03-14T09:58:42.954035	THE ENGINE (GIPS Opt	GIPS	4827.434	Applied optimization: cleanup	pass
2026-03-14T09:58:48.841244	THE ENGINE (GIPS Opt	GIPS	6151.2686	Applied optimization: more_thr	pass
2026-03-14T09:58:54.764176	THE ENGINE (GIPS Opt	GIPS	4860.0451	Applied optimization: reduce_i	pass
2026-03-14T09:59:00.664187	THE ENGINE (GIPS Opt	GIPS	4754.207	Applied optimization: workgrou	pass
2026-03-14T09:59:06.621672	THE ENGINE (GIPS Opt	GIPS	4816.8728	Applied optimization: shared_m	pass
2026-03-14T09:59:12.549165	THE ENGINE (GIPS Opt	GIPS	4780.0243	Applied optimization: loop_unr	pass
2026-03-14T09:59:18.526012	THE ENGINE (GIPS Opt	GIPS	5676.5315	Applied optimization: cleanup	pass
2026-03-14T09:59:24.475704	THE ENGINE (GIPS Opt	GIPS	4586.0564	Applied optimization: unroll_c	pass
2026-03-14T09:59:30.431010	THE ENGINE (GIPS Opt	GIPS	5220.757	Applied optimization: workgrou	pass
2026-03-14T09:59:36.364120	THE ENGINE (GIPS Opt	GIPS	4804.637	Applied optimization: memory_p	pass
2026-03-14T09:59:42.295316	THE ENGINE (GIPS Opt	GIPS	4813.4178	Applied optimization: lcg_twea	pass
2026-03-14T09:59:48.236656	THE ENGINE (GIPS Opt	GIPS	4479.2038	Applied optimization: lcg_twea	pass
2026-03-14T09:59:54.176918	THE ENGINE (GIPS Opt	GIPS	4816.4441	Applied optimization: workgrou	pass
2026-03-14T10:00:00.110966	THE ENGINE (GIPS Opt	GIPS	4763.5074	Applied optimization: memory_p	pass
2026-03-14T10:00:06.030187	THE ENGINE (GIPS Opt	GIPS	4720.3518	Applied optimization: workgrou	pass
2026-03-14T10:00:11.958118	THE ENGINE (GIPS Opt	GIPS	4651.3065	Applied optimization: branch_r	pass
2026-03-14T10:00:17.925706	THE ENGINE (GIPS Opt	GIPS	4673.3453	Applied optimization: shared_m	pass
2026-03-14T10:00:23.862295	THE ENGINE (GIPS Opt	GIPS	4674.2567	Applied optimization: loop_unr	pass
2026-03-14T10:00:29.827794	THE ENGINE (GIPS Opt	GIPS	4777.7238	Applied optimization: branch_r	pass
2026-03-14T10:00:35.755201	THE ENGINE (GIPS Opt	GIPS	4642.1817	Applied optimization: dual_acc	pass
2026-03-14T10:00:41.663780	THE ENGINE (GIPS Opt	GIPS	4704.4023	Applied optimization: memory_p	pass
2026-03-14T10:00:47.652973	THE ENGINE (GIPS Opt	GIPS	4614.7035	Applied optimization: reduce_i	pass
2026-03-14T10:00:53.584563	THE ENGINE (GIPS Opt	GIPS	5692.3053	Applied optimization: vectoriz	pass
2026-03-14T10:00:59.569620	THE ENGINE (GIPS Opt	GIPS	4556.5002	Applied optimization: dual_acc	pass
2026-03-14T10:01:05.547677	THE ENGINE (GIPS Opt	GIPS	4823.4369	Applied optimization: unroll_c	pass
2026-03-14T10:01:11.528092	THE ENGINE (GIPS Opt	GIPS	5516.2081	Applied optimization: shared_m	pass
2026-03-14T10:01:17.475709	THE ENGINE (GIPS Opt	GIPS	4646.4372	Applied optimization: branch_r	pass
2026-03-14T10:01:23.418844	THE ENGINE (GIPS Opt	GIPS	4680.4507	Applied optimization: loop_unr	pass
2026-03-14T10:01:29.399883	THE ENGINE (GIPS Opt	GIPS	6260.9028	Applied optimization: unroll_c	pass
2026-03-14T10:01:35.386857	THE ENGINE (GIPS Opt	GIPS	4686.8445	Applied optimization: unroll_c	pass
2026-03-14T10:01:41.372307	THE ENGINE (GIPS Opt	GIPS	4674.8037	Applied optimization: loop_unr	pass
2026-03-14T10:01:47.357444	THE ENGINE (GIPS Opt	GIPS	4613.2823	Applied optimization: loop_unr	pass
2026-03-14T10:01:53.290004	THE ENGINE (GIPS Opt	GIPS	5445.8573	Applied optimization: loop_unr	pass
2026-03-14T10:01:59.250454	THE ENGINE (GIPS Opt	GIPS	4698.6053	Applied optimization: shared_m	pass
2026-03-14T10:02:05.201945	THE ENGINE (GIPS Opt	GIPS	5155.2251	Applied optimization: reduce_i	pass
2026-03-14T10:02:11.141035	THE ENGINE (GIPS Opt	GIPS	6148.969	Applied optimization: shared_m	pass
2026-03-14T10:02:17.050322	THE ENGINE (GIPS Opt	GIPS	4713.4426	Applied optimization: loop_unr	pass
2026-03-14T10:02:22.951438	THE ENGINE (GIPS Opt	GIPS	4701.3176	Applied optimization: dual_acc	pass
2026-03-14T10:02:28.872549	THE ENGINE (GIPS Opt	GIPS	4712.1584	Applied optimization: branch_r	pass
2026-03-14T10:02:34.839731	THE ENGINE (GIPS Opt	GIPS	4645.3051	Applied optimization: branch_r	pass
2026-03-14T10:02:40.749469	THE ENGINE (GIPS Opt	GIPS	4726.0296	Applied optimization: more_thr	pass
2026-03-14T10:02:46.673764	THE ENGINE (GIPS Opt	GIPS	4729.7735	Applied optimization: dual_acc	pass
2026-03-14T10:02:52.574305	THE ENGINE (GIPS Opt	GIPS	4733.0292	Applied optimization: lcg_twea	pass
2026-03-14T10:02:58.534537	THE ENGINE (GIPS Opt	GIPS	4826.5313	Applied optimization: loop_unr	pass
2026-03-14T10:03:04.481994	THE ENGINE (GIPS Opt	GIPS	4706.2103	Applied optimization: branch_r	pass
2026-03-14T10:03:10.442588	THE ENGINE (GIPS Opt	GIPS	4685.2215	Applied optimization: lcg_twea	pass
2026-03-14T10:03:16.385185	THE ENGINE (GIPS Opt	GIPS	4694.9894	Applied optimization: remove_m	pass
2026-03-14T10:03:22.349631	THE ENGINE (GIPS Opt	GIPS	5044.4442	Applied optimization: increase	pass
2026-03-14T10:03:28.326571	THE ENGINE (GIPS Opt	GIPS	4674.439	Applied optimization: memory_p	pass
2026-03-14T10:03:34.314972	THE ENGINE (GIPS Opt	GIPS	4821.0529	Applied optimization: branch_r	pass
2026-03-14T10:03:40.254786	THE ENGINE (GIPS Opt	GIPS	4818.3253	Applied optimization: cleanup	pass
2026-03-14T10:03:46.256898	THE ENGINE (GIPS Opt	GIPS	4805.2976	Applied optimization: workgrou	pass
2026-03-14T10:03:52.248115	THE ENGINE (GIPS Opt	GIPS	4273.1653	Applied optimization: workgrou	pass
2026-03-14T10:03:58.214593	THE ENGINE (GIPS Opt	GIPS	4680.5813	Applied optimization: lcg_twea	pass
2026-03-14T10:04:04.168299	THE ENGINE (GIPS Opt	GIPS	4557.5771	Applied optimization: simple_h	pass
2026-03-14T10:04:10.127979	THE ENGINE (GIPS Opt	GIPS	4322.4874	Applied optimization: lcg_twea	pass
2026-03-14T10:04:16.048059	THE ENGINE (GIPS Opt	GIPS	4795.2029	Applied optimization: simple_h	pass
2026-03-14T10:04:21.964633	THE ENGINE (GIPS Opt	GIPS	5082.9421	Applied optimization: more_thr	pass
2026-03-14T10:04:27.869448	THE ENGINE (GIPS Opt	GIPS	5151.7583	Applied optimization: simple_h	pass
2026-03-14T10:04:33.776390	THE ENGINE (GIPS Opt	GIPS	5907.5952	Applied optimization: loop_unr	pass
2026-03-14T10:04:39.704764	THE ENGINE (GIPS Opt	GIPS	5137.8432	Applied optimization: branch_r	pass
2026-03-14T10:04:45.628190	THE ENGINE (GIPS Opt	GIPS	6285.32	Applied optimization: simple_h	pass
2026-03-14T10:04:51.579431	THE ENGINE (GIPS Opt	GIPS	4773.795	Applied optimization: loop_unr	pass
2026-03-14T10:04:57.571724	THE ENGINE (GIPS Opt	GIPS	4667.5206	Applied optimization: dual_acc	pass
2026-03-14T10:05:03.549687	THE ENGINE (GIPS Opt	GIPS	4587.8999	Applied optimization: increase	pass
2026-03-14T10:05:09.487195	THE ENGINE (GIPS Opt	GIPS	6172.1786	Applied optimization: dual_acc	pass
2026-03-14T10:05:15.451165	THE ENGINE (GIPS Opt	GIPS	5140.0942	No optimization applied (basel	pass
2026-03-14T10:05:21.411991	THE ENGINE (GIPS Opt	GIPS	5999.2977	No optimization applied (basel	pass
2026-03-14T10:05:27.401893	THE ENGINE (GIPS Opt	GIPS	4714.3962	Applied optimization: memory_p	pass
2026-03-14T10:05:33.379273	THE ENGINE (GIPS Opt	GIPS	5634.8167	Applied optimization: cleanup	pass
2026-03-14T10:05:39.337076	THE ENGINE (GIPS Opt	GIPS	4668.8065	Applied optimization: simple_h	pass
2026-03-14T10:05:45.273085	THE ENGINE (GIPS Opt	GIPS	4668.3128	Applied optimization: loop_unr	pass
2026-03-14T10:05:51.206149	THE ENGINE (GIPS Opt	GIPS	6195.9531	Applied optimization: more_thr	pass
2026-03-14T10:05:57.106146	THE ENGINE (GIPS Opt	GIPS	5147.6959	Applied optimization: unroll_c	pass
2026-03-14T10:06:03.061349	THE ENGINE (GIPS Opt	GIPS	5689.2747	Applied optimization: memory_p	pass
2026-03-14T10:06:08.966263	THE ENGINE (GIPS Opt	GIPS	5107.7792	Applied optimization: reduce_i	pass
2026-03-14T10:06:14.920336	THE ENGINE (GIPS Opt	GIPS	4792.1759	Applied optimization: cleanup	pass
2026-03-14T10:06:20.835888	THE ENGINE (GIPS Opt	GIPS	4645.4337	Applied optimization: workgrou	pass
2026-03-14T10:06:26.798376	THE ENGINE (GIPS Opt	GIPS	4661.9565	Applied optimization: dual_acc	pass
2026-03-14T10:06:32.708285	THE ENGINE (GIPS Opt	GIPS	6103.7356	Applied optimization: simple_h	pass
2026-03-14T10:06:38.655368	THE ENGINE (GIPS Opt	GIPS	4631.0975	Applied optimization: workgrou	pass
2026-03-14T10:06:44.589074	THE ENGINE (GIPS Opt	GIPS	6181.4797	Applied optimization: branch_r	pass
2026-03-14T10:06:50.558005	THE ENGINE (GIPS Opt	GIPS	4700.9092	Applied optimization: vectoriz	pass
2026-03-14T10:06:56.506310	THE ENGINE (GIPS Opt	GIPS	6127.9694	Applied optimization: remove_m	pass
2026-03-14T10:07:02.441333	THE ENGINE (GIPS Opt	GIPS	5690.8379	Applied optimization: unroll_c	pass
2026-03-14T10:07:08.366608	THE ENGINE (GIPS Opt	GIPS	6243.4284	Applied optimization: simple_h	pass
2026-03-14T10:07:14.352677	THE ENGINE (GIPS Opt	GIPS	6178.5659	Applied optimization: more_thr	pass
2026-03-14T10:07:20.337177	THE ENGINE (GIPS Opt	GIPS	4544.8358	Applied optimization: dual_acc	pass
2026-03-14T10:07:26.322320	THE ENGINE (GIPS Opt	GIPS	4763.3181	Applied optimization: simple_h	pass
2026-03-14T10:07:32.287134	THE ENGINE (GIPS Opt	GIPS	4533.133	Applied optimization: lcg_twea	pass
2026-03-14T10:07:38.202169	THE ENGINE (GIPS Opt	GIPS	4662.397	No optimization applied (basel	pass
2026-03-14T10:07:44.162103	THE ENGINE (GIPS Opt	GIPS	4538.4059	Applied optimization: shared_m	pass
2026-03-14T10:07:50.118357	THE ENGINE (GIPS Opt	GIPS	4574.5397	Applied optimization: unroll_c	pass
2026-03-14T10:07:56.061601	THE ENGINE (GIPS Opt	GIPS	4657.233	Applied optimization: lcg_twea	pass
2026-03-14T10:08:01.956684	THE ENGINE (GIPS Opt	GIPS	6054.3306	Applied optimization: remove_m	pass
2026-03-14T10:08:07.874964	THE ENGINE (GIPS Opt	GIPS	4720.4049	Applied optimization: branch_r	pass
2026-03-14T10:08:13.794137	THE ENGINE (GIPS Opt	GIPS	4795.1754	Applied optimization: branch_r	pass
2026-03-14T10:08:19.724910	THE ENGINE (GIPS Opt	GIPS	6123.675	Applied optimization: remove_m	pass
2026-03-14T10:08:25.676250	THE ENGINE (GIPS Opt	GIPS	4624.3832	Applied optimization: simple_h	pass
2026-03-14T10:08:31.642265	THE ENGINE (GIPS Opt	GIPS	4684.6459	Applied optimization: branch_r	pass
2026-03-14T10:08:37.572992	THE ENGINE (GIPS Opt	GIPS	5380.5204	Applied optimization: shared_m	pass
2026-03-14T10:08:43.509253	THE ENGINE (GIPS Opt	GIPS	5665.8345	Applied optimization: increase	pass
2026-03-14T10:08:49.550113	THE ENGINE (GIPS Opt	GIPS	5093.6365	Applied optimization: lcg_twea	pass
2026-03-14T10:08:55.614943	THE ENGINE (GIPS Opt	GIPS	4756.6467	Applied optimization: loop_unr	pass
2026-03-14T10:09:01.675439	THE ENGINE (GIPS Opt	GIPS	5190.5206	Applied optimization: workgrou	pass
2026-03-14T10:09:07.636066	THE ENGINE (GIPS Opt	GIPS	4742.8234	Applied optimization: shared_m	pass
2026-03-14T10:09:13.585751	THE ENGINE (GIPS Opt	GIPS	5119.0314	Applied optimization: increase	pass
2026-03-14T10:09:19.604352	THE ENGINE (GIPS Opt	GIPS	5186.9741	Applied optimization: lcg_twea	pass
2026-03-14T10:09:25.542330	THE ENGINE (GIPS Opt	GIPS	5174.8629	Applied optimization: shared_m	pass
2026-03-14T10:09:31.481426	THE ENGINE (GIPS Opt	GIPS	5121.3128	Applied optimization: remove_m	pass
2026-03-14T10:09:37.440465	THE ENGINE (GIPS Opt	GIPS	4727.4945	Applied optimization: increase	pass
2026-03-14T10:09:43.364278	THE ENGINE (GIPS Opt	GIPS	4663.8875	Applied optimization: remove_m	pass
2026-03-14T10:09:49.269444	THE ENGINE (GIPS Opt	GIPS	5962.3704	Applied optimization: remove_m	pass
2026-03-14T10:09:55.218400	THE ENGINE (GIPS Opt	GIPS	5550.0767	Applied optimization: memory_p	pass
2026-03-14T10:10:01.166156	THE ENGINE (GIPS Opt	GIPS	6183.0289	Applied optimization: lcg_twea	pass
2026-03-14T10:10:07.060685	THE ENGINE (GIPS Opt	GIPS	5205.9826	Applied optimization: reduce_i	pass
2026-03-14T10:10:13.014626	THE ENGINE (GIPS Opt	GIPS	5596.0988	Applied optimization: vectoriz	pass
2026-03-14T10:10:18.929674	THE ENGINE (GIPS Opt	GIPS	6091.3697	Applied optimization: cleanup	pass
2026-03-14T10:10:24.848297	THE ENGINE (GIPS Opt	GIPS	4582.3738	Applied optimization: cleanup	pass
2026-03-14T10:10:30.793458	THE ENGINE (GIPS Opt	GIPS	6105.1349	Applied optimization: branch_r	pass
2026-03-14T10:10:36.740159	THE ENGINE (GIPS Opt	GIPS	4763.3586	No optimization applied (basel	pass
2026-03-14T10:10:42.706658	THE ENGINE (GIPS Opt	GIPS	4646.2313	Applied optimization: dual_acc	pass
2026-03-14T10:10:48.696263	THE ENGINE (GIPS Opt	GIPS	5317.036	Applied optimization: memory_p	pass
2026-03-14T10:10:54.629463	THE ENGINE (GIPS Opt	GIPS	5053.7741	Applied optimization: vectoriz	pass
2026-03-14T10:11:00.569253	THE ENGINE (GIPS Opt	GIPS	4984.1852	Applied optimization: remove_m	pass
2026-03-14T10:11:06.568730	THE ENGINE (GIPS Opt	GIPS	4975.066	Applied optimization: unroll_c	pass
2026-03-14T10:11:12.562992	THE ENGINE (GIPS Opt	GIPS	5114.3032	No optimization applied (basel	pass
2026-03-14T10:11:18.488743	THE ENGINE (GIPS Opt	GIPS	4984.8664	Applied optimization: cleanup	pass
2026-03-14T10:11:24.470103	THE ENGINE (GIPS Opt	GIPS	5123.6902	Applied optimization: remove_m	pass
2026-03-14T10:11:30.371468	THE ENGINE (GIPS Opt	GIPS	5280.487	Applied optimization: shared_m	pass
2026-03-14T10:11:36.301391	THE ENGINE (GIPS Opt	GIPS	5503.3429	Applied optimization: cleanup	pass
2026-03-14T10:11:42.260605	THE ENGINE (GIPS Opt	GIPS	5581.0015	Applied optimization: more_thr	pass
2026-03-14T10:11:48.219605	THE ENGINE (GIPS Opt	GIPS	5601.4049	Applied optimization: loop_unr	pass
2026-03-14T10:11:54.127935	THE ENGINE (GIPS Opt	GIPS	5579.4795	Applied optimization: simple_h	pass
2026-03-14T10:12:00.075289	THE ENGINE (GIPS Opt	GIPS	5634.7789	Applied optimization: vectoriz	pass
2026-03-14T10:12:06.027771	THE ENGINE (GIPS Opt	GIPS	5617.2335	Applied optimization: remove_m	pass
2026-03-14T10:12:11.960979	THE ENGINE (GIPS Opt	GIPS	6183.439	Applied optimization: loop_unr	pass
2026-03-14T10:12:17.869496	THE ENGINE (GIPS Opt	GIPS	5117.0018	Applied optimization: loop_unr	pass
2026-03-14T10:12:23.822616	THE ENGINE (GIPS Opt	GIPS	4665.353	Applied optimization: dual_acc	pass
2026-03-14T10:12:29.759070	THE ENGINE (GIPS Opt	GIPS	5109.7082	Applied optimization: workgrou	pass
2026-03-14T10:12:35.700846	THE ENGINE (GIPS Opt	GIPS	4715.2177	Applied optimization: simple_h	pass
2026-03-14T10:12:41.627224	THE ENGINE (GIPS Opt	GIPS	5027.6796	Applied optimization: increase	pass
2026-03-14T10:12:47.573975	THE ENGINE (GIPS Opt	GIPS	4662.099	Applied optimization: loop_unr	pass
2026-03-14T10:12:53.568524	THE ENGINE (GIPS Opt	GIPS	4620.0789	Applied optimization: more_thr	pass
2026-03-14T10:12:59.551675	THE ENGINE (GIPS Opt	GIPS	4644.1606	Applied optimization: remove_m	pass
2026-03-14T10:13:05.526738	THE ENGINE (GIPS Opt	GIPS	4772.7764	No optimization applied (basel	pass
2026-03-14T10:13:11.444181	THE ENGINE (GIPS Opt	GIPS	5704.6927	Applied optimization: lcg_twea	pass
2026-03-14T10:13:17.377220	THE ENGINE (GIPS Opt	GIPS	6190.3749	Applied optimization: unroll_c	pass
2026-03-14T10:13:23.358584	THE ENGINE (GIPS Opt	GIPS	4613.498	Applied optimization: cleanup	pass
2026-03-14T10:13:29.360504	THE ENGINE (GIPS Opt	GIPS	5642.7955	Applied optimization: vectoriz	pass
2026-03-14T10:13:35.294624	THE ENGINE (GIPS Opt	GIPS	5111.7165	Applied optimization: dual_acc	pass
2026-03-14T10:13:41.218653	THE ENGINE (GIPS Opt	GIPS	5104.3449	Applied optimization: unroll_c	pass
2026-03-14T10:13:47.135428	THE ENGINE (GIPS Opt	GIPS	4923.9467	Applied optimization: memory_p	pass
2026-03-14T10:13:53.049056	THE ENGINE (GIPS Opt	GIPS	5654.5488	Applied optimization: unroll_c	pass
2026-03-14T10:13:59.010124	THE ENGINE (GIPS Opt	GIPS	4544.0234	No optimization applied (basel	pass
2026-03-14T10:14:04.920794	THE ENGINE (GIPS Opt	GIPS	5066.5942	Applied optimization: unroll_c	pass
2026-03-14T10:14:10.816601	THE ENGINE (GIPS Opt	GIPS	6238.2979	Applied optimization: more_thr	pass
2026-03-14T10:14:16.782330	THE ENGINE (GIPS Opt	GIPS	5737.036	Applied optimization: unroll_c	pass
2026-03-14T10:14:22.728491	THE ENGINE (GIPS Opt	GIPS	5593.0951	Applied optimization: cleanup	pass
2026-03-14T10:14:28.620431	THE ENGINE (GIPS Opt	GIPS	5595.7255	No optimization applied (basel	pass
2026-03-14T10:14:34.495728	THE ENGINE (GIPS Opt	GIPS	5132.7661	Applied optimization: workgrou	pass
2026-03-14T10:14:40.460351	THE ENGINE (GIPS Opt	GIPS	5650.3592	Applied optimization: simple_h	pass
2026-03-14T10:14:46.402829	THE ENGINE (GIPS Opt	GIPS	5472.5028	Applied optimization: simple_h	pass
2026-03-14T10:14:52.320774	THE ENGINE (GIPS Opt	GIPS	5623.8238	No optimization applied (basel	pass
2026-03-14T10:14:58.259561	THE ENGINE (GIPS Opt	GIPS	4885.4911	Applied optimization: remove_m	pass
2026-03-14T10:15:04.218692	THE ENGINE (GIPS Opt	GIPS	5115.114	No optimization applied (basel	pass
2026-03-14T10:15:10.161215	THE ENGINE (GIPS Opt	GIPS	6092.2324	Applied optimization: unroll_c	pass
2026-03-14T10:15:16.074327	THE ENGINE (GIPS Opt	GIPS	5344.8838	Applied optimization: memory_p	pass
2026-03-14T10:15:22.017237	THE ENGINE (GIPS Opt	GIPS	5079.7409	Applied optimization: reduce_i	pass
2026-03-14T10:15:28.029366	THE ENGINE (GIPS Opt	GIPS	5094.58	Applied optimization: increase	pass
2026-03-14T10:15:33.936019	THE ENGINE (GIPS Opt	GIPS	4964.6575	Applied optimization: simple_h	pass
2026-03-14T10:15:39.854637	THE ENGINE (GIPS Opt	GIPS	5091.1324	Applied optimization: unroll_c	pass
2026-03-14T10:15:45.797249	THE ENGINE (GIPS Opt	GIPS	4671.1333	Applied optimization: simple_h	pass
2026-03-14T10:15:51.742179	THE ENGINE (GIPS Opt	GIPS	4665.0936	Applied optimization: branch_r	pass
2026-03-14T10:15:57.741041	THE ENGINE (GIPS Opt	GIPS	5101.2874	Applied optimization: vectoriz	pass
2026-03-14T10:16:03.678278	THE ENGINE (GIPS Opt	GIPS	5657.2182	Applied optimization: unroll_c	pass
2026-03-14T10:16:09.585584	THE ENGINE (GIPS Opt	GIPS	5689.6027	Applied optimization: reduce_i	pass
2026-03-14T10:16:15.540855	THE ENGINE (GIPS Opt	GIPS	4676.5759	No optimization applied (basel	pass
2026-03-14T10:16:21.554096	THE ENGINE (GIPS Opt	GIPS	6114.3686	Applied optimization: dual_acc	pass
2026-03-14T10:16:27.540351	THE ENGINE (GIPS Opt	GIPS	5538.5521	Applied optimization: more_thr	pass
2026-03-14T10:16:33.490835	THE ENGINE (GIPS Opt	GIPS	5664.7441	Applied optimization: cleanup	pass
2026-03-14T10:16:39.452778	THE ENGINE (GIPS Opt	GIPS	6170.4988	Applied optimization: dual_acc	pass
2026-03-14T10:16:45.348870	THE ENGINE (GIPS Opt	GIPS	5688.9082	Applied optimization: increase	pass
2026-03-14T10:16:51.247837	THE ENGINE (GIPS Opt	GIPS	5674.0934	Applied optimization: reduce_i	pass
2026-03-14T10:16:57.135327	THE ENGINE (GIPS Opt	GIPS	6220.5572	Applied optimization: remove_m	pass
2026-03-14T10:17:03.109244	THE ENGINE (GIPS Opt	GIPS	5140.9132	Applied optimization: memory_p	pass
2026-03-14T10:17:09.035204	THE ENGINE (GIPS Opt	GIPS	5135.3113	Applied optimization: loop_unr	pass
2026-03-14T10:17:14.957625	THE ENGINE (GIPS Opt	GIPS	6136.6438	Applied optimization: dual_acc	pass
2026-03-14T10:17:20.905579	THE ENGINE (GIPS Opt	GIPS	5108.6035	Applied optimization: vectoriz	pass
2026-03-14T10:17:26.845482	THE ENGINE (GIPS Opt	GIPS	4617.1546	Applied optimization: shared_m	pass
2026-03-14T10:17:32.811551	THE ENGINE (GIPS Opt	GIPS	6208.8167	Applied optimization: unroll_c	pass
2026-03-14T10:17:38.779049	THE ENGINE (GIPS Opt	GIPS	5056.5158	Applied optimization: lcg_twea	pass
2026-03-14T10:17:44.710449	THE ENGINE (GIPS Opt	GIPS	5629.806	Applied optimization: unroll_c	pass
2026-03-14T10:17:50.659089	THE ENGINE (GIPS Opt	GIPS	5108.8213	Applied optimization: shared_m	pass
2026-03-14T10:17:56.595599	THE ENGINE (GIPS Opt	GIPS	5633.0761	Applied optimization: simple_h	pass
2026-03-14T10:18:02.554693	THE ENGINE (GIPS Opt	GIPS	6169.6138	Applied optimization: unroll_c	pass
2026-03-14T10:18:08.487687	THE ENGINE (GIPS Opt	GIPS	5120.0938	Applied optimization: reduce_i	pass
2026-03-14T10:18:14.459735	THE ENGINE (GIPS Opt	GIPS	4710.703	Applied optimization: simple_h	pass
2026-03-14T10:18:20.444089	THE ENGINE (GIPS Opt	GIPS	5121.3597	Applied optimization: shared_m	pass
2026-03-14T10:18:26.390243	THE ENGINE (GIPS Opt	GIPS	4940.4765	Applied optimization: simple_h	pass
2026-03-14T10:18:32.319160	THE ENGINE (GIPS Opt	GIPS	5695.9192	No optimization applied (basel	pass
2026-03-14T10:18:38.204506	THE ENGINE (GIPS Opt	GIPS	5175.7729	Applied optimization: unroll_c	pass
2026-03-14T10:18:44.142525	THE ENGINE (GIPS Opt	GIPS	6130.1637	Applied optimization: memory_p	pass
2026-03-14T10:18:50.057133	THE ENGINE (GIPS Opt	GIPS	4682.3579	Applied optimization: dual_acc	pass
2026-03-14T10:18:56.003359	THE ENGINE (GIPS Opt	GIPS	5615.2782	Applied optimization: increase	pass
2026-03-14T10:19:01.900551	THE ENGINE (GIPS Opt	GIPS	6252.2699	Applied optimization: increase	pass
2026-03-14T10:19:07.821844	THE ENGINE (GIPS Opt	GIPS	4536.9823	Applied optimization: simple_h	pass
2026-03-14T10:19:13.805732	THE ENGINE (GIPS Opt	GIPS	4736.6104	Applied optimization: reduce_i	pass
2026-03-14T10:19:19.784165	THE ENGINE (GIPS Opt	GIPS	5147.4274	Applied optimization: vectoriz	pass
2026-03-14T10:19:25.714401	THE ENGINE (GIPS Opt	GIPS	6134.086	Applied optimization: memory_p	pass
2026-03-14T10:19:31.642032	THE ENGINE (GIPS Opt	GIPS	5129.1256	Applied optimization: loop_unr	pass
2026-03-14T10:19:37.583011	THE ENGINE (GIPS Opt	GIPS	5911.4461	Applied optimization: cleanup	pass
2026-03-14T10:19:43.554917	THE ENGINE (GIPS Opt	GIPS	5110.5332	No optimization applied (basel	pass
2026-03-14T10:19:49.479943	THE ENGINE (GIPS Opt	GIPS	5655.5019	Applied optimization: unroll_c	pass
2026-03-14T10:19:55.373067	THE ENGINE (GIPS Opt	GIPS	5154.1006	Applied optimization: more_thr	pass
2026-03-14T10:20:01.297927	THE ENGINE (GIPS Opt	GIPS	6055.0954	Applied optimization: branch_r	pass
2026-03-14T10:20:07.218169	THE ENGINE (GIPS Opt	GIPS	5170.6046	Applied optimization: reduce_i	pass
2026-03-14T10:20:13.128958	THE ENGINE (GIPS Opt	GIPS	4689.6088	Applied optimization: memory_p	pass
2026-03-14T10:20:19.022220	THE ENGINE (GIPS Opt	GIPS	6282.1898	Applied optimization: cleanup	pass
2026-03-14T10:20:24.952611	THE ENGINE (GIPS Opt	GIPS	4578.9845	Applied optimization: unroll_c	pass
2026-03-14T10:20:30.860549	THE ENGINE (GIPS Opt	GIPS	6158.6976	Applied optimization: cleanup	pass
2026-03-14T10:20:36.849278	THE ENGINE (GIPS Opt	GIPS	5097.8308	Applied optimization: workgrou	pass
2026-03-14T10:20:42.788774	THE ENGINE (GIPS Opt	GIPS	6177.4511	Applied optimization: branch_r	pass
2026-03-14T10:20:48.731033	THE ENGINE (GIPS Opt	GIPS	5117.0018	Applied optimization: memory_p	pass
2026-03-14T10:20:54.659834	THE ENGINE (GIPS Opt	GIPS	6192.797	Applied optimization: workgrou	pass
2026-03-14T10:21:00.600531	THE ENGINE (GIPS Opt	GIPS	5083.9124	Applied optimization: branch_r	pass
2026-03-14T10:21:06.555385	THE ENGINE (GIPS Opt	GIPS	5103.2425	Applied optimization: memory_p	pass
2026-03-14T10:21:12.478988	THE ENGINE (GIPS Opt	GIPS	5114.1473	No optimization applied (basel	pass
2026-03-14T10:21:18.377442	THE ENGINE (GIPS Opt	GIPS	5106.893	Applied optimization: vectoriz	pass
2026-03-14T10:21:24.331486	THE ENGINE (GIPS Opt	GIPS	5569.5701	Applied optimization: reduce_i	pass
2026-03-14T10:21:30.277628	THE ENGINE (GIPS Opt	GIPS	6156.8669	Applied optimization: vectoriz	pass
2026-03-14T10:21:36.180275	THE ENGINE (GIPS Opt	GIPS	5125.6625	Applied optimization: remove_m	pass
2026-03-14T10:21:42.079428	THE ENGINE (GIPS Opt	GIPS	5108.0281	Applied optimization: branch_r	pass
2026-03-14T10:21:47.987502	THE ENGINE (GIPS Opt	GIPS	5527.8584	Applied optimization: vectoriz	pass
2026-03-14T10:21:53.894763	THE ENGINE (GIPS Opt	GIPS	5027.0168	Applied optimization: reduce_i	pass
2026-03-14T10:21:59.872423	THE ENGINE (GIPS Opt	GIPS	5478.2209	Applied optimization: unroll_c	pass
2026-03-14T10:22:05.835258	THE ENGINE (GIPS Opt	GIPS	5675.8402	Applied optimization: vectoriz	pass
2026-03-14T10:22:11.837809	THE ENGINE (GIPS Opt	GIPS	5644.6181	No optimization applied (basel	pass
2026-03-14T10:22:17.765330	THE ENGINE (GIPS Opt	GIPS	5109.895	Applied optimization: dual_acc	pass
2026-03-14T10:22:23.708985	THE ENGINE (GIPS Opt	GIPS	5116.8925	Applied optimization: cleanup	pass
2026-03-14T10:22:29.641591	THE ENGINE (GIPS Opt	GIPS	6157.9516	Applied optimization: shared_m	pass
2026-03-14T10:22:35.574495	THE ENGINE (GIPS Opt	GIPS	6166.0992	No optimization applied (basel	pass
2026-03-14T10:22:41.561808	THE ENGINE (GIPS Opt	GIPS	5008.1989	Applied optimization: lcg_twea	pass
2026-03-14T10:22:47.494435	THE ENGINE (GIPS Opt	GIPS	5166.6716	Applied optimization: branch_r	pass
2026-03-14T10:22:53.536807	THE ENGINE (GIPS Opt	GIPS	5090.8544	Applied optimization: workgrou	pass
2026-03-14T10:22:59.517629	THE ENGINE (GIPS Opt	GIPS	5183.5606	Applied optimization: increase	pass
2026-03-14T10:23:05.491046	THE ENGINE (GIPS Opt	GIPS	5088.2605	Applied optimization: memory_p	pass
2026-03-14T10:23:11.421285	THE ENGINE (GIPS Opt	GIPS	5097.3042	Applied optimization: unroll_c	pass
2026-03-14T10:23:17.401629	THE ENGINE (GIPS Opt	GIPS	4908.0153	Applied optimization: vectoriz	pass
2026-03-14T10:23:23.311427	THE ENGINE (GIPS Opt	GIPS	5680.587	Applied optimization: unroll_c	pass
2026-03-14T10:23:29.249853	THE ENGINE (GIPS Opt	GIPS	5387.6045	Applied optimization: memory_p	pass
2026-03-14T10:23:35.196904	THE ENGINE (GIPS Opt	GIPS	5033.0792	No optimization applied (basel	pass
2026-03-14T10:23:41.147281	THE ENGINE (GIPS Opt	GIPS	5082.6187	Applied optimization: reduce_i	pass
2026-03-14T10:23:47.076265	THE ENGINE (GIPS Opt	GIPS	6181.3203	Applied optimization: unroll_c	pass
2026-03-14T10:23:52.984903	THE ENGINE (GIPS Opt	GIPS	4714.9924	Applied optimization: dual_acc	pass
2026-03-14T10:23:58.902571	THE ENGINE (GIPS Opt	GIPS	4941.1604	Applied optimization: dual_acc	pass
2026-03-14T10:24:04.833666	THE ENGINE (GIPS Opt	GIPS	5188.6746	Applied optimization: loop_unr	pass
2026-03-14T10:24:10.760115	THE ENGINE (GIPS Opt	GIPS	5597.8726	Applied optimization: dual_acc	pass
2026-03-14T10:24:16.741413	THE ENGINE (GIPS Opt	GIPS	4888.7796	Applied optimization: loop_unr	pass
2026-03-14T10:24:22.668845	THE ENGINE (GIPS Opt	GIPS	5182.5679	Applied optimization: simple_h	pass
2026-03-14T10:24:28.644065	THE ENGINE (GIPS Opt	GIPS	4625.5689	Applied optimization: workgrou	pass
2026-03-14T10:24:34.638397	THE ENGINE (GIPS Opt	GIPS	4690.5659	Applied optimization: simple_h	pass
2026-03-14T10:24:40.585429	THE ENGINE (GIPS Opt	GIPS	4693.1376	Applied optimization: dual_acc	pass
2026-03-14T10:24:46.526260	THE ENGINE (GIPS Opt	GIPS	4805.9032	Applied optimization: remove_m	pass
2026-03-14T10:24:52.470306	THE ENGINE (GIPS Opt	GIPS	4598.1856	Applied optimization: simple_h	pass
2026-03-14T10:24:58.441458	THE ENGINE (GIPS Opt	GIPS	4696.4614	Applied optimization: branch_r	pass
2026-03-14T10:25:04.370461	THE ENGINE (GIPS Opt	GIPS	5104.9661	Applied optimization: dual_acc	pass
2026-03-14T10:25:10.295178	THE ENGINE (GIPS Opt	GIPS	4638.6264	Applied optimization: more_thr	pass
2026-03-14T10:25:16.232889	THE ENGINE (GIPS Opt	GIPS	6189.2331	Applied optimization: more_thr	pass
2026-03-14T10:25:22.182516	THE ENGINE (GIPS Opt	GIPS	5634.3436	Applied optimization: dual_acc	pass
2026-03-14T10:25:28.089837	THE ENGINE (GIPS Opt	GIPS	4684.2012	Applied optimization: branch_r	pass
2026-03-14T10:25:34.004306	THE ENGINE (GIPS Opt	GIPS	4732.7088	Applied optimization: lcg_twea	pass
2026-03-14T10:25:40.015364	THE ENGINE (GIPS Opt	GIPS	4770.2659	Applied optimization: lcg_twea	pass
2026-03-14T10:25:46.374754	THE ENGINE (GIPS Opt	GIPS	5566.8535	Applied optimization: workgrou	pass
2026-03-14T10:25:52.611103	THE ENGINE (GIPS Opt	GIPS	6066.7657	Applied optimization: vectoriz	pass
2026-03-14T10:25:58.591700	THE ENGINE (GIPS Opt	GIPS	4801.1447	Applied optimization: more_thr	pass
2026-03-14T10:26:04.531771	THE ENGINE (GIPS Opt	GIPS	5059.8403	Applied optimization: more_thr	pass
2026-03-14T10:26:10.522736	THE ENGINE (GIPS Opt	GIPS	4788.5922	Applied optimization: branch_r	pass
2026-03-14T10:26:16.454947	THE ENGINE (GIPS Opt	GIPS	4959.5209	Applied optimization: remove_m	pass
2026-03-14T10:26:22.481373	THE ENGINE (GIPS Opt	GIPS	4682.8937	Applied optimization: loop_unr	pass
2026-03-14T10:26:28.392693	THE ENGINE (GIPS Opt	GIPS	5109.1636	Applied optimization: branch_r	pass
2026-03-14T10:26:34.364798	THE ENGINE (GIPS Opt	GIPS	4473.1251	Applied optimization: shared_m	pass
2026-03-14T10:26:40.347344	THE ENGINE (GIPS Opt	GIPS	4633.4381	No optimization applied (basel	pass
2026-03-14T10:26:46.266372	THE ENGINE (GIPS Opt	GIPS	4577.86	Applied optimization: simple_h	pass
2026-03-14T10:26:52.200681	THE ENGINE (GIPS Opt	GIPS	4668.2349	Applied optimization: increase	pass
2026-03-14T10:26:58.144004	THE ENGINE (GIPS Opt	GIPS	4615.1478	Applied optimization: cleanup	pass
2026-03-14T10:27:04.062692	THE ENGINE (GIPS Opt	GIPS	4685.4701	Applied optimization: branch_r	pass
2026-03-14T10:27:09.965776	THE ENGINE (GIPS Opt	GIPS	5387.5007	Applied optimization: cleanup	pass
2026-03-14T10:27:15.974315	THE ENGINE (GIPS Opt	GIPS	5126.4926	Applied optimization: dual_acc	pass
2026-03-14T10:27:21.941854	THE ENGINE (GIPS Opt	GIPS	4597.6816	Applied optimization: branch_r	pass
2026-03-14T10:27:27.924873	THE ENGINE (GIPS Opt	GIPS	5047.6313	Applied optimization: workgrou	pass
2026-03-14T10:27:33.883279	THE ENGINE (GIPS Opt	GIPS	4604.9884	Applied optimization: simple_h	pass
2026-03-14T10:27:39.841088	THE ENGINE (GIPS Opt	GIPS	4859.5665	Applied optimization: more_thr	pass
2026-03-14T10:27:45.790905	THE ENGINE (GIPS Opt	GIPS	4643.338	Applied optimization: memory_p	pass
2026-03-14T10:27:51.713362	THE ENGINE (GIPS Opt	GIPS	6096.5715	Applied optimization: shared_m	pass
2026-03-14T10:27:57.633431	THE ENGINE (GIPS Opt	GIPS	4767.5277	Applied optimization: cleanup	pass
2026-03-14T10:28:03.557335	THE ENGINE (GIPS Opt	GIPS	4671.0292	Applied optimization: reduce_i	pass
2026-03-14T10:28:09.512520	THE ENGINE (GIPS Opt	GIPS	4366.5991	No optimization applied (basel	pass
2026-03-14T10:28:15.473381	THE ENGINE (GIPS Opt	GIPS	4613.8659	Applied optimization: loop_unr	pass
2026-03-14T10:28:21.458334	THE ENGINE (GIPS Opt	GIPS	5084.4054	Applied optimization: dual_acc	pass
2026-03-14T10:28:27.423274	THE ENGINE (GIPS Opt	GIPS	4574.3776	Applied optimization: simple_h	pass
2026-03-14T10:28:33.376409	THE ENGINE (GIPS Opt	GIPS	4719.0241	Applied optimization: cleanup	pass
2026-03-14T10:28:39.290130	THE ENGINE (GIPS Opt	GIPS	4618.3366	Applied optimization: shared_m	pass
2026-03-14T10:28:45.326852	THE ENGINE (GIPS Opt	GIPS	4671.3154	Applied optimization: reduce_i	pass
2026-03-14T10:28:51.280440	THE ENGINE (GIPS Opt	GIPS	4615.1097	Applied optimization: reduce_i	pass
2026-03-14T10:28:57.272191	THE ENGINE (GIPS Opt	GIPS	4739.8621	Applied optimization: branch_r	pass
2026-03-14T10:29:03.231327	THE ENGINE (GIPS Opt	GIPS	4620.5879	Applied optimization: loop_unr	pass
2026-03-14T10:29:09.176144	THE ENGINE (GIPS Opt	GIPS	5196.4529	Applied optimization: vectoriz	pass
2026-03-14T10:29:15.156369	THE ENGINE (GIPS Opt	GIPS	4682.0965	No optimization applied (basel	pass
2026-03-14T10:29:21.150263	THE ENGINE (GIPS Opt	GIPS	4962.1906	Applied optimization: dual_acc	pass
2026-03-14T10:29:27.065471	THE ENGINE (GIPS Opt	GIPS	5650.9872	Applied optimization: shared_m	pass
2026-03-14T10:29:33.010593	THE ENGINE (GIPS Opt	GIPS	6158.8784	Applied optimization: simple_h	pass
2026-03-14T10:29:38.954901	THE ENGINE (GIPS Opt	GIPS	4856.9076	Applied optimization: reduce_i	pass
2026-03-14T10:29:44.905197	THE ENGINE (GIPS Opt	GIPS	4654.4422	Applied optimization: memory_p	pass
2026-03-14T10:29:50.895755	THE ENGINE (GIPS Opt	GIPS	6016.8543	Applied optimization: workgrou	pass
2026-03-14T10:29:56.867745	THE ENGINE (GIPS Opt	GIPS	5677.4344	Applied optimization: increase	pass
2026-03-14T10:30:02.866292	THE ENGINE (GIPS Opt	GIPS	4996.565	No optimization applied (basel	pass
2026-03-14T10:30:08.807280	THE ENGINE (GIPS Opt	GIPS	4676.7323	Applied optimization: reduce_i	pass
2026-03-14T10:30:14.805644	THE ENGINE (GIPS Opt	GIPS	4764.5491	Applied optimization: workgrou	pass
2026-03-14T10:30:20.803760	THE ENGINE (GIPS Opt	GIPS	5204.7067	Applied optimization: increase	pass
2026-03-14T10:30:26.772249	THE ENGINE (GIPS Opt	GIPS	4689.5563	No optimization applied (basel	pass
2026-03-14T10:30:32.771427	THE ENGINE (GIPS Opt	GIPS	6216.6618	Applied optimization: lcg_twea	pass
2026-03-14T10:30:38.787947	THE ENGINE (GIPS Opt	GIPS	4785.2869	Applied optimization: more_thr	pass
2026-03-14T10:30:44.820124	THE ENGINE (GIPS Opt	GIPS	4769.615	Applied optimization: memory_p	pass
2026-03-14T10:30:50.811103	THE ENGINE (GIPS Opt	GIPS	4955.9169	Applied optimization: dual_acc	pass
2026-03-14T10:30:56.814641	THE ENGINE (GIPS Opt	GIPS	5106.722	Applied optimization: shared_m	pass
2026-03-14T10:31:02.836225	THE ENGINE (GIPS Opt	GIPS	4700.4483	Applied optimization: cleanup	pass
2026-03-14T10:31:08.858470	THE ENGINE (GIPS Opt	GIPS	5073.3048	Applied optimization: shared_m	pass
2026-03-14T10:31:14.807721	THE ENGINE (GIPS Opt	GIPS	4787.4581	Applied optimization: remove_m	pass
2026-03-14T10:31:20.782083	THE ENGINE (GIPS Opt	GIPS	5617.2335	Applied optimization: reduce_i	pass
2026-03-14T10:31:26.774666	THE ENGINE (GIPS Opt	GIPS	5195.7449	Applied optimization: more_thr	pass
2026-03-14T10:31:32.758967	THE ENGINE (GIPS Opt	GIPS	6107.0016	Applied optimization: reduce_i	pass
2026-03-14T10:31:38.768746	THE ENGINE (GIPS Opt	GIPS	4716.1985	Applied optimization: loop_unr	pass
2026-03-14T10:31:44.735074	THE ENGINE (GIPS Opt	GIPS	6158.8784	Applied optimization: reduce_i	pass
2026-03-14T10:31:50.714346	THE ENGINE (GIPS Opt	GIPS	4487.3384	Applied optimization: simple_h	pass
2026-03-14T10:31:56.691414	THE ENGINE (GIPS Opt	GIPS	4732.1214	Applied optimization: simple_h	pass
2026-03-14T10:32:02.667645	THE ENGINE (GIPS Opt	GIPS	4787.581	Applied optimization: vectoriz	pass
2026-03-14T10:32:08.556716	THE ENGINE (GIPS Opt	GIPS	6162.0001	Applied optimization: workgrou	pass
2026-03-14T10:32:14.521699	THE ENGINE (GIPS Opt	GIPS	4608.4669	No optimization applied (basel	pass
2026-03-14T10:32:20.462691	THE ENGINE (GIPS Opt	GIPS	5650.3021	Applied optimization: remove_m	pass
2026-03-14T10:32:26.353955	THE ENGINE (GIPS Opt	GIPS	5104.671	No optimization applied (basel	pass
2026-03-14T10:32:32.315085	THE ENGINE (GIPS Opt	GIPS	4709.275	Applied optimization: loop_unr	pass
2026-03-14T10:32:38.228165	THE ENGINE (GIPS Opt	GIPS	5489.9267	Applied optimization: vectoriz	pass
2026-03-14T10:32:44.164534	THE ENGINE (GIPS Opt	GIPS	6001.637	Applied optimization: memory_p	pass
2026-03-14T10:32:50.150661	THE ENGINE (GIPS Opt	GIPS	4625.7475	Applied optimization: simple_h	pass
2026-03-14T10:32:56.108203	THE ENGINE (GIPS Opt	GIPS	4806.0134	Applied optimization: branch_r	pass
2026-03-14T10:33:02.113655	THE ENGINE (GIPS Opt	GIPS	4630.9825	Applied optimization: remove_m	pass
2026-03-14T10:33:08.111807	THE ENGINE (GIPS Opt	GIPS	4809.7748	Applied optimization: cleanup	pass
2026-03-14T10:33:14.033519	THE ENGINE (GIPS Opt	GIPS	4670.8602	Applied optimization: lcg_twea	pass
2026-03-14T10:33:20.024667	THE ENGINE (GIPS Opt	GIPS	6180.5689	Applied optimization: shared_m	pass
2026-03-14T10:33:25.971058	THE ENGINE (GIPS Opt	GIPS	5685.2454	Applied optimization: memory_p	pass
2026-03-14T10:33:31.982254	THE ENGINE (GIPS Opt	GIPS	6041.5764	Applied optimization: reduce_i	pass
2026-03-14T10:33:37.969289	THE ENGINE (GIPS Opt	GIPS	4635.051	Applied optimization: loop_unr	pass
2026-03-14T10:33:43.961314	THE ENGINE (GIPS Opt	GIPS	5055.952	Applied optimization: increase	pass
2026-03-14T10:33:49.952644	THE ENGINE (GIPS Opt	GIPS	4984.822	No optimization applied (basel	pass
2026-03-14T10:33:55.886944	THE ENGINE (GIPS Opt	GIPS	4693.7547	Applied optimization: remove_m	pass
2026-03-14T10:34:01.852725	THE ENGINE (GIPS Opt	GIPS	4594.0306	No optimization applied (basel	pass
2026-03-14T10:34:07.815491	THE ENGINE (GIPS Opt	GIPS	5162.5221	Applied optimization: loop_unr	pass
2026-03-14T10:34:13.790486	THE ENGINE (GIPS Opt	GIPS	4653.0093	Applied optimization: lcg_twea	pass
2026-03-14T10:34:19.769608	THE ENGINE (GIPS Opt	GIPS	6038.9233	Applied optimization: vectoriz	pass
2026-03-14T10:34:25.746479	THE ENGINE (GIPS Opt	GIPS	4456.1117	No optimization applied (basel	pass
2026-03-14T10:34:31.757865	THE ENGINE (GIPS Opt	GIPS	4787.9773	Applied optimization: cleanup	pass
2026-03-14T10:34:37.716440	THE ENGINE (GIPS Opt	GIPS	4598.5133	Applied optimization: workgrou	pass
2026-03-14T10:34:43.679019	THE ENGINE (GIPS Opt	GIPS	4660.9204	Applied optimization: lcg_twea	pass
2026-03-14T10:34:49.640079	THE ENGINE (GIPS Opt	GIPS	4853.8725	Applied optimization: memory_p	pass
2026-03-14T10:34:55.641935	THE ENGINE (GIPS Opt	GIPS	4454.5499	Applied optimization: shared_m	pass
2026-03-14T10:35:01.571585	THE ENGINE (GIPS Opt	GIPS	5629.3338	Applied optimization: shared_m	pass
2026-03-14T10:35:07.614518	THE ENGINE (GIPS Opt	GIPS	4651.745	Applied optimization: reduce_i	pass
2026-03-14T10:35:13.528025	THE ENGINE (GIPS Opt	GIPS	4796.1076	Applied optimization: lcg_twea	pass
2026-03-14T10:35:19.454482	THE ENGINE (GIPS Opt	GIPS	4708.0592	Applied optimization: more_thr	pass
2026-03-14T10:35:25.432415	THE ENGINE (GIPS Opt	GIPS	5564.4717	Applied optimization: vectoriz	pass
2026-03-14T10:35:31.399162	THE ENGINE (GIPS Opt	GIPS	4932.7053	Applied optimization: memory_p	pass
2026-03-14T10:35:37.332849	THE ENGINE (GIPS Opt	GIPS	4626.4235	Applied optimization: reduce_i	pass
2026-03-14T10:35:43.322453	THE ENGINE (GIPS Opt	GIPS	4255.3793	Applied optimization: remove_m	pass
2026-03-14T10:35:49.258741	THE ENGINE (GIPS Opt	GIPS	4664.6785	Applied optimization: increase	pass
2026-03-14T10:35:55.166858	THE ENGINE (GIPS Opt	GIPS	5155.7479	Applied optimization: vectoriz	pass
2026-03-14T10:36:01.094013	THE ENGINE (GIPS Opt	GIPS	5531.7041	Applied optimization: branch_r	pass
2026-03-14T10:36:07.036524	THE ENGINE (GIPS Opt	GIPS	5694.9138	Applied optimization: lcg_twea	pass
2026-03-14T10:36:13.013431	THE ENGINE (GIPS Opt	GIPS	4816.6515	Applied optimization: increase	pass
2026-03-14T10:36:18.990908	THE ENGINE (GIPS Opt	GIPS	5644.808	Applied optimization: branch_r	pass
2026-03-14T10:36:24.954295	THE ENGINE (GIPS Opt	GIPS	4685.5617	Applied optimization: lcg_twea	pass
2026-03-14T10:36:30.951600	THE ENGINE (GIPS Opt	GIPS	6087.6786	Applied optimization: loop_unr	pass
2026-03-14T10:36:36.946722	THE ENGINE (GIPS Opt	GIPS	4604.9125	Applied optimization: remove_m	pass
2026-03-14T10:36:42.876975	THE ENGINE (GIPS Opt	GIPS	5250.3289	Applied optimization: workgrou	pass
2026-03-14T10:36:48.878119	THE ENGINE (GIPS Opt	GIPS	4751.7832	Applied optimization: branch_r	pass
2026-03-14T10:36:54.853881	THE ENGINE (GIPS Opt	GIPS	5182.776	Applied optimization: workgrou	pass
2026-03-14T10:37:00.846268	THE ENGINE (GIPS Opt	GIPS	4230.8159	Applied optimization: unroll_c	pass
2026-03-14T10:37:06.816317	THE ENGINE (GIPS Opt	GIPS	5003.7776	Applied optimization: more_thr	pass
2026-03-14T10:37:12.756543	THE ENGINE (GIPS Opt	GIPS	5690.4325	Applied optimization: vectoriz	pass
2026-03-14T10:37:18.688117	THE ENGINE (GIPS Opt	GIPS	4985.0294	Applied optimization: dual_acc	pass
2026-03-14T10:37:24.614132	THE ENGINE (GIPS Opt	GIPS	4643.2223	Applied optimization: vectoriz	pass
2026-03-14T10:37:30.577572	THE ENGINE (GIPS Opt	GIPS	5642.9663	Applied optimization: simple_h	pass
2026-03-14T10:37:36.499534	THE ENGINE (GIPS Opt	GIPS	5136.4904	Applied optimization: cleanup	pass
2026-03-14T10:37:42.483771	THE ENGINE (GIPS Opt	GIPS	4755.8511	Applied optimization: shared_m	pass
2026-03-14T10:37:48.388009	THE ENGINE (GIPS Opt	GIPS	5890.0698	Applied optimization: workgrou	pass
2026-03-14T10:37:54.343381	THE ENGINE (GIPS Opt	GIPS	4593.9551	Applied optimization: branch_r	pass
2026-03-14T10:38:00.244766	THE ENGINE (GIPS Opt	GIPS	6157.4996	Applied optimization: reduce_i	pass
2026-03-14T10:38:06.174453	THE ENGINE (GIPS Opt	GIPS	5114.4124	Applied optimization: shared_m	pass
2026-03-14T10:38:12.175399	THE ENGINE (GIPS Opt	GIPS	5086.286	Applied optimization: shared_m	pass
2026-03-14T10:38:18.141203	THE ENGINE (GIPS Opt	GIPS	4687.5778	Applied optimization: more_thr	pass
2026-03-14T10:38:24.120710	THE ENGINE (GIPS Opt	GIPS	4612.5467	Applied optimization: lcg_twea	pass
2026-03-14T10:38:30.064573	THE ENGINE (GIPS Opt	GIPS	4677.6711	Applied optimization: dual_acc	pass
2026-03-14T10:38:36.076938	THE ENGINE (GIPS Opt	GIPS	5129.2511	Applied optimization: simple_h	pass
2026-03-14T10:38:42.056320	THE ENGINE (GIPS Opt	GIPS	5686.6714	Applied optimization: simple_h	pass
2026-03-14T10:38:48.026522	THE ENGINE (GIPS Opt	GIPS	6196.8914	Applied optimization: branch_r	pass
2026-03-14T10:38:53.988586	THE ENGINE (GIPS Opt	GIPS	6170.2719	Applied optimization: unroll_c	pass
2026-03-14T10:38:59.923615	THE ENGINE (GIPS Opt	GIPS	5643.251	Applied optimization: workgrou	pass
2026-03-14T10:39:05.869121	THE ENGINE (GIPS Opt	GIPS	5224.7241	Applied optimization: increase	pass
2026-03-14T10:39:11.797825	THE ENGINE (GIPS Opt	GIPS	5030.7551	Applied optimization: increase	pass
2026-03-14T10:39:17.773292	THE ENGINE (GIPS Opt	GIPS	4934.6349	Applied optimization: increase	pass
2026-03-14T10:39:23.785109	THE ENGINE (GIPS Opt	GIPS	4812.2581	Applied optimization: vectoriz	pass
2026-03-14T10:39:29.785613	THE ENGINE (GIPS Opt	GIPS	5137.4971	No optimization applied (basel	pass
2026-03-14T10:39:35.731478	THE ENGINE (GIPS Opt	GIPS	6135.4993	Applied optimization: remove_m	pass
2026-03-14T10:39:41.681809	THE ENGINE (GIPS Opt	GIPS	5048.0414	Applied optimization: more_thr	pass
2026-03-14T10:39:47.600962	THE ENGINE (GIPS Opt	GIPS	4652.4674	Applied optimization: dual_acc	pass
2026-03-14T10:39:53.510034	THE ENGINE (GIPS Opt	GIPS	4984.7035	Applied optimization: more_thr	pass
2026-03-14T10:39:59.486889	THE ENGINE (GIPS Opt	GIPS	4628.6444	Applied optimization: loop_unr	pass
2026-03-14T10:40:05.442883	THE ENGINE (GIPS Opt	GIPS	4662.5784	Applied optimization: workgrou	pass
2026-03-14T10:40:11.333473	THE ENGINE (GIPS Opt	GIPS	5577.9399	Applied optimization: shared_m	pass
2026-03-14T10:40:17.327786	THE ENGINE (GIPS Opt	GIPS	4655.4625	Applied optimization: cleanup	pass
2026-03-14T10:40:23.252501	THE ENGINE (GIPS Opt	GIPS	6164.0829	Applied optimization: simple_h	pass
2026-03-14T10:40:29.224483	THE ENGINE (GIPS Opt	GIPS	4565.4649	Applied optimization: branch_r	pass
2026-03-14T10:40:35.156877	THE ENGINE (GIPS Opt	GIPS	6143.61	Applied optimization: increase	pass
2026-03-14T10:40:41.124001	THE ENGINE (GIPS Opt	GIPS	5195.3587	Applied optimization: cleanup	pass
2026-03-14T10:40:47.122089	THE ENGINE (GIPS Opt	GIPS	5608.858	Applied optimization: vectoriz	pass
2026-03-14T10:40:53.090112	THE ENGINE (GIPS Opt	GIPS	4607.0622	Applied optimization: loop_unr	pass
2026-03-14T10:40:59.032771	THE ENGINE (GIPS Opt	GIPS	6210.4255	Applied optimization: more_thr	pass
2026-03-14T10:41:05.026250	THE ENGINE (GIPS Opt	GIPS	4564.7444	Applied optimization: cleanup	pass
2026-03-14T10:41:10.971405	THE ENGINE (GIPS Opt	GIPS	6171.6337	No optimization applied (basel	pass
